pdb_id,ab_name,hc_length,lc_length,num_glycosites,glycosite_positions,issues
2GSI,2GSI,215,210,0,,
4POZ,4POZ,211,215,0,,
6BPC,6BPC,296,213,0,,
6BPE,6BPE,299,209,2,A2;B20,
6AD7,6AD7,444,442,4,A271;A311;B271;B311,
6ADB,6ADB,444,442,4,A271;A311;B271;B311,
1KEG,1KEG,216,216,0,,
6V4O,6V4O,223,214,1,B73,
6BPA,6BPA,297,217,1,A1,
1NSN,1NSN,210,217,0,,
1KTR,1KTR,229,229,0,,
4U1G,4U1G,288,213,0,,
1EHL,1EHL,217,217,0,,
6WTU,6WTU,301,207,1,A1,
1DEE,1DEE,214,223,1,B166,
2F5B,2F5B,232,214,0,,
7PI2,7PI2,321,222,0,,
6ADA,6ADA,444,442,4,A271;A311;B271;B311,
6ADC,6ADC,442,442,4,A271;A311;B271;B311,
6WTV,6WTV,299,215,1,A2,
2FX8,2FX8,227,214,0,,
2DWD,2DWD,219,212,1,B41,
2DWE,2DWE,219,212,1,B41,
2HVJ,2HVJ,218,212,1,B41,
2HVK,2HVK,219,212,1,B41,
5VCO,5VCO,211,215,0,,
5CEX,5CEX,207,233,1,B68,
5CEY,5CEY,211,232,0,,
1GGI,1GGI,215,215,0,,
2NZ9,2NZ9,1267,1267,38,A173;A382;A411;A417;A449;A469;A490;A495;A746;A814;A847;A912;A942;A978;A997;A1062;A1123;A1168;A1188;B173;B382;B411;B417;B449;B469;B490;B495;B746;B814;B847;B912;B942;B978;B997;B1062;B1123;B1168;B1188,
5I8O,5I8O,219,217,0,,
5EOR,5EOR,214,217,2,L147;L160,
6VN1,6VN1,128,106,0,,
1ND0,1ND0,219,222,1,B53,
1TJH,1TJH,237,214,0,,
1TJI,1TJI,237,214,0,,
3MLW,3MLW,228,215,1,L25,
1OTS,1OTS,444,441,4,A271;A311;B270;B310,
1OTT,1OTT,444,441,4,A271;A311;B270;B310,
1OTU,1OTU,444,441,4,A271;A311;B270;B310,
1Q1J,1Q1J,231,215,0,,
6V4N,6V4N,218,213,0,,
6P8D,6P8D,211,216,0,,
5EOQ,5EOQ,217,218,0,,
7PI3,7PI3,328,221,0,,
1NMC,1NMC,122,109,0,,
4QNP,4QNP,386,386,8,A7;A65;A154;A305;B7;B65;B154;B305,
2FX9,2FX9,227,214,0,,
1WEJ,1WEJ,223,214,0,,
7PHW,7PHW,317,223,0,,
7PI7,7PI7,317,216,0,,
7LVW,7LVW,489,488,6,A1;A44;A437;B1;B44;B436,
5DLM,5DLM,216,217,0,,
4NC1,4NC1,214,248,5,A75;A166;B37;B108;B199,
4LRI,4LRI,217,217,0,,
3QA3,3QA3,220,224,0,,
4ZTO,4ZTO,221,216,1,L178,
1HQ4,1HQ4,215,216,0,,
1UB6,1UB6,208,213,0,,
1CL7,1CL7,135,216,0,,
6CYF,6CYF,127,126,0,,
1S5I,1S5I,220,219,0,,
3MLX,3MLX,228,211,0,,
1YQV,1YQV,215,211,0,,
1P2C,1P2C,212,210,0,,
3AB0,3AB0,136,117,0,,
4NZT,4NZT,222,212,0,,
1MF2,1MF2,221,215,0,,
1HIM,1HIM,217,215,0,,
4ENE,4ENE,444,442,4,A271;A311;B271;B311,
4U0R,4U0R,288,221,0,,
1IGY,1IGY,213,434,1,B288,
7PHV,7PHV,316,221,0,,
6PDS,6PDS,212,220,1,A32,
6PEF,6PEF,219,211,0,,
6WWC,6WWC,213,218,0,,
1EMT,1EMT,208,214,0,,
1GPO,1GPO,214,216,0,,
4NZR,4NZR,228,214,0,,
1UB5,1UB5,209,214,0,,
1DBJ,1DBJ,219,216,0,,
1FJ1,1FJ1,213,213,0,,
1CF8,1CF8,218,215,0,,
3HFM,3HFM,215,214,0,,
1NAK,1NAK,214,217,0,,
6VY4,6VY4,422,426,10,A120;A192;A231;A295;A343;B120;B192;B231;B295;B343,
6U02,6U02,388,109,3,A5;A65;A120,
6AD8,6AD8,444,442,4,A271;A311;B271;B311,
6P60,6P60,221,211,0,,
1MLC,1MLC,214,218,0,,
6XQ0,6XQ0,219,230,1,A41,
2GK0,2GK0,221,217,0,,
1C12,1C12,214,220,0,,
6WX2,6WX2,210,218,0,,
3MA9,3MA9,197,209,2,A55;A132,
1KIP,1KIP,107,116,0,,
1KIQ,1KIQ,107,116,0,,
1KIR,1KIR,107,116,0,,
1TPX,1TPX,102,212,2,A58;A74,
6WOZ,6WOZ,296,227,1,A1,
1AXT,1AXT,218,216,0,,
4LVH,4LVH,236,218,1,A39,
1FL3,1FL3,208,214,0,,
2GHW,2GHW,191,232,2,A12;A39,
4XMK,4XMK,217,215,1,L5,
4F15,4F15,234,208,1,A45,
4YBL,4YBL,214,210,0,,
4YC2,4YC2,220,210,0,,
1JTO,1JTO,132,132,0,,
3Q3G,3Q3G,220,224,0,,
7CE2,7CE2,446,212,5,A35;A60;A81;A201;A276,
6N5D,6N5D,282,282,8,A2;A45;A129;A249;B2;B45;B129;B249,
1YED,1YED,219,219,0,,
1CLO,1CLO,222,213,0,,
1KEL,1KEL,218,217,0,,
1KEM,1KEM,218,217,0,,
5DRZ,5DRZ,227,216,0,,
5D96,5D96,237,214,2,A96;A209,
1BVK,1BVK,108,116,0,,
6P7H,6P7H,215,214,1,A55,
6PDR,6PDR,213,218,1,H33,
6PDU,6PDU,216,219,0,,
6PEC,6PEC,216,208,0,,
2AJZ,2AJZ,219,216,0,,
6MQM,6MQM,222,217,1,B75,
6N16,6N16,217,217,0,,
4NBY,4NBY,248,123,4,A13;A35;A106;A197,
1RIH,1RIH,221,212,0,,
2NYY,2NYY,1267,216,19,A173;A382;A411;A417;A449;A469;A490;A495;A746;A814;A847;A912;A942;A978;A997;A1062;A1123;A1168;A1188,
2GJZ,2GJZ,221,217,0,,
3ETB,3ETB,229,143,3,H140;L29;L72,
2MCG,2MCG,216,216,0,,
3MCG,3MCG,216,216,0,,
3CFE,3CFE,219,213,0,,
1MEL,1MEL,132,132,0,,
3MOA,3MOA,236,213,0,,
3MOB,3MOB,233,213,0,,
3MOD,3MOD,237,214,0,,
1KEN,1KEN,320,175,6,A14;A30;A73;A157;A277;B154,
1FRG,1FRG,220,217,0,,
1DBK,1DBK,219,216,0,,
6MQC,6MQC,222,217,0,,
6MQE,6MQE,224,212,0,,
6MQS,6MQS,224,215,0,,
1DBM,1DBM,219,216,0,,
1DZB,1DZB,224,224,0,,
1KCU,1KCU,217,214,0,,
1JTP,1JTP,135,133,0,,
4NP4,4NP4,271,213,2,A6;A56,
15C8,15C8,217,213,0,,
25C8,25C8,217,212,0,,
2XRA,2XRA,203,215,2,A54;A136,
2AJX,2AJX,219,216,0,,
2AJU,2AJU,219,216,0,,
1KCR,1KCR,218,213,0,,
1G7H,1G7H,107,116,0,,
1G7I,1G7I,107,116,0,,
1G7J,1G7J,107,112,0,,
1G7L,1G7L,107,110,0,,
1G7M,1G7M,107,116,0,,
1F11,1F11,216,218,0,,
5D93,5D93,240,212,2,A99;A212,
5DUR,5DUR,214,212,0,,
1TJG,1TJG,237,214,0,,
2IFF,2IFF,214,212,0,,
3CFD,3CFD,220,213,0,,
7KFW,7KFW,195,195,2,A10;B10,
4FP8,4FP8,267,267,6,A39;A123;A243;B39;B123;B243,
5E94,5E94,214,224,0,,
6XQ2,6XQ2,265,211,8,A2;A20;A79;A90;A101;A122;A203;A242,
8DGX,8DGX,216,213,0,,
2VIR,2VIR,210,221,0,,
2VIT,2VIT,210,221,0,,
1TQB,1TQB,102,212,2,A58;A74,
1P7K,1P7K,220,213,0,,
1CK0,1CK0,211,216,0,,
6A0Z,6A0Z,270,212,3,A118;A129;A250,
6MTP,6MTP,218,214,1,H59,
1FE8,1FE8,190,211,0,,
6PZZ,6PZZ,388,108,3,A5;A65;A120,
7PHU,7PHU,295,222,1,A86,
1UAC,1UAC,114,107,0,,
1LO0,1LO0,220,219,0,,
1C08,1C08,107,114,0,,
1ZTX,1ZTX,219,212,0,,
1NMB,1NMB,122,109,0,,
2DBL,2DBL,219,216,0,,
7KFV,7KFV,195,195,2,A10;B10,
6NFU,6NFU,219,212,1,B41,
6NFV,6NFV,219,212,1,B41,
6WN1,6WN1,295,221,1,A1,
3FO9,3FO9,218,219,0,,
6PZY,6PZY,388,388,6,A5;A65;A120;B5;B65;B120,
2AJY,2AJY,219,216,0,,
2AJS,2AJS,219,216,0,,
2AJV,2AJV,219,216,0,,
2AK1,2AK1,219,216,0,,
2EIZ,2EIZ,107,113,0,,
5TR1,5TR1,606,107,1,A151,
1YYL,1YYL,229,214,0,,
2I60,2I60,221,214,0,,
1DQJ,1DQJ,214,210,0,,
1KC5,1KC5,217,214,0,,
4RFN,4RFN,217,210,0,,
1YEE,1YEE,222,219,0,,
1GGB,1GGB,215,215,0,,
1GGC,1GGC,215,215,0,,
1RUP,1RUP,222,219,1,H53,
6N6B,6N6B,388,214,7,A5;A12;A65;A119;A153;A248;A321,
7X26,7X26,221,208,2,I30;I107,
3O41,3O41,220,218,0,,
3O45,3O45,220,218,0,,
7JX3,7JX3,224,213,0,,
7M7W,7M7W,221,216,0,,
4XAK,4XAK,211,212,2,A30;A107,
6MTT,6MTT,220,211,0,,
2VYR,2VYR,86,86,0,,
5UMN,5UMN,267,243,5,A39;A123;A243;B31;B115,
6XQ4,6XQ4,209,218,4,A7;A37;A75;A109,
1A3L,1A3L,218,217,0,,
5VAG,5VAG,209,214,1,A185,
2EKS,2EKS,107,113,0,,
2YSS,2YSS,107,113,0,,
1BM3,1BM3,216,214,0,,
1UA6,1UA6,114,107,0,,
4ZYP,4ZYP,449,449,6,A2;A45;A436;B2;B45;B436,
4PUB,4PUB,212,212,0,,
4YK4,4YK4,206,211,4,A4;A37;A75;A109,
7LUE,7LUE,427,427,6,A1;A44;A421;B1;B44;B421,
3UJI,3UJI,218,208,1,H61,
1TQC,1TQC,102,212,2,A58;A74,
2XQY,2XQY,464,218,2,A32;A458,
4N1E,4N1E,94,107,0,,
1FBI,1FBI,221,214,0,,
7V3L,7V3L,1131,1135,32,A49;A86;A107;A137;A148;A204;A218;A226;A388;A465;A588;A676;A718;A729;A814;A1102;B47;B85;B106;B136;B147;B203;B217;B225;B387;B464;B588;B677;B720;B731;B816;B1105,
1RUM,1RUM,222,219,1,H53,
2DQF,2DQF,107,114,0,,
1SEQ,1SEQ,221,208,1,L206,
2I5Y,2I5Y,224,214,0,,
5TKJ,5TKJ,211,218,0,,
2FX7,2FX7,228,214,0,,
1AI1,1AI1,221,215,0,,
1YYM,1YYM,229,214,0,,
1NBZ,1NBZ,214,210,0,,
8DGW,8DGW,213,211,0,,
7TCQ,7TCQ,216,212,0,,
2GJ7,2GJ7,207,207,2,A61;B61,
5TPN,5TPN,490,214,4,A1;A44;A78;A446,
4U3X,4U3X,119,128,0,,
4F2M,4F2M,214,213,2,A59;B41,
1E4W,1E4W,213,214,0,,
5MHR,5MHR,162,163,0,,
1MHP,1MHP,184,212,2,A49;A165,
1A14,1A14,120,104,0,,
1NCB,1NCB,221,214,0,,
1NCC,1NCC,221,214,0,,
1EO8,1EO8,319,175,6,A14;A30;A73;A157;A277;B154,
7CHO,7CHO,217,212,1,H75,
1XGT,1XGT,215,210,0,,
5TIH,5TIH,326,212,0,,
7KZB,7KZB,214,214,0,,
1A2Y,1A2Y,107,116,0,,
8FBW,8FBW,231,214,1,A113,
5TKK,5TKK,8,213,0,,
1RU9,1RU9,222,219,1,H53,
1RUK,1RUK,222,219,1,H53,
1RUL,1RUL,222,219,1,H53,
1ETZ,1ETZ,228,215,0,,
6XPQ,6XPQ,274,221,8,A7;A25;A84;A95;A106;A127;A208;A247,
5GJT,5GJT,321,165,7,A11;A12;A24;A88;A275;A286;B150,
1MVU,1MVU,112,121,0,,
5DHV,5DHV,123,110,0,,
1CT8,1CT8,214,220,0,,
1XGU,1XGU,214,210,0,,
2DD8,2DD8,220,212,0,,
1QFU,1QFU,318,174,6,A14;A30;A73;A157;A277;B154,
5VCN,5VCN,222,222,2,A52;B52,
6VY6,6VY6,415,212,5,A121;A193;A232;A296;A344,
3D9A,3D9A,210,213,0,,
7EAM,7EAM,204,214,2,A8;A20,
4JO3,4JO3,227,214,1,L176,
6MQR,6MQR,227,213,0,,
1NDG,1NDG,214,210,0,,
1NDM,1NDM,214,210,0,,
5DD0,5DD0,221,211,0,,
1A0Q,1A0Q,205,211,0,,
6LXJ,6LXJ,388,388,6,A5;A65;A120;B5;B65;B120,
6MSY,6MSY,213,210,0,,
1RUA,1RUA,222,219,1,H53,
3O0R,3O0R,225,213,0,,
3WFB,3WFB,225,213,0,,
3WFE,3WFE,225,213,0,,
6C6Z,6C6Z,187,188,4,A30;A96;B31;B97,
1F58,1F58,228,216,0,,
4JB9,4JB9,225,209,1,L102,
1NCW,1NCW,222,219,1,H53,
7N0I,7N0I,96,96,2,A1;B1,
1OPG,1OPG,227,214,0,,
7FAH,7FAH,214,215,1,A41,
6WM9,6WM9,296,225,1,A3,
6WQO,6WQO,291,212,0,,
4TTD,4TTD,127,127,0,,
7U8M,7U8M,322,173,7,A12;A28;A35;A81;A155;A282;B154,
7M42,7M42,210,224,0,,
3MNW,3MNW,216,204,0,,
3MNZ,3MNZ,220,205,0,,
4NPF,4NPF,116,115,0,,
1XGR,1XGR,215,210,0,,
5MI0,5MI0,281,221,0,,
1J1O,1J1O,114,107,0,,
1J1P,1J1P,114,107,0,,
1J1X,1J1X,114,107,0,,
2DQC,2DQC,114,107,0,,
2DQD,2DQD,114,107,0,,
2DQE,2DQE,114,107,0,,
2VIS,2VIS,210,221,0,,
4PGJ,4PGJ,119,127,0,,
8DGV,8DGV,18,208,1,A1,
7MXD,7MXD,472,136,28,A58;A103;A110;A120;A127;A131;A167;A204;A211;A232;A246;A259;A265;A271;A303;A308;A324;A354;A360;A365;A373;A411;A425;A428;B86;B91;B100;B112,
2B2X,2B2X,188,210,3,A48;A145;A169,
5TQQ,5TQQ,603,107,1,A146,
2NY7,2NY7,230,215,0,,
3GBM,3GBM,324,177,7,A13;A14;A26;A157;A168;A289;B154,
1MOE,1MOE,240,240,0,,
6ML8,6ML8,321,157,10,A9;A10;A22;A72;A86;A124;A153;A158;A285;B152,
5DHY,5DHY,117,110,0,,
1KB5,1KB5,115,117,2,A21;B82,
6H0E,6H0E,217,218,0,,
8D6Z,8D6Z,222,214,0,,
4XNM,4XNM,217,208,1,L18,
1NBY,1NBY,214,210,0,,
3UJJ,3UJJ,230,213,0,,
5GJS,5GJS,320,167,8,A11;A12;A24;A86;A258;A273;A284;B150,
2EXW,2EXW,444,441,4,A271;A311;B270;B310,
2EZ0,2EZ0,444,441,4,A271;A311;B270;B310,
1XGP,1XGP,215,210,0,,
1XGQ,1XGQ,215,210,0,,
7RKS,7RKS,220,214,0,,
5DO2,5DO2,208,214,2,A30;A107,
2DQG,2DQG,114,107,0,,
2DQH,2DQH,114,107,0,,
2DQI,2DQI,114,107,0,,
2DQJ,2DQJ,114,107,0,,
4TSB,4TSB,129,214,0,,
7R6X,7R6X,186,164,0,,
6TYS,6TYS,447,107,5,A38;A41;A73;A381;A431,
4YDJ,4YDJ,238,205,2,H90;L19,
7X28,7X28,221,212,0,,
7X29,7X29,991,1190,34,A49;A87;A108;A138;A149;A205;A219;A227;A376;A403;A503;A548;A559;A644;A943;A980;B49;B87;B108;B138;B149;B205;B219;B227;B393;B470;B575;B602;B702;B747;B758;B843;B1142;B1179,
7SYZ,7SYZ,416,219,5,A122;A194;A233;A297;A345,
1ACY,1ACY,221,215,0,,
6XDG,6XDG,211,212,0,,
1XED,1XED,111,109,4,A59;A66;B58;B65,
7X6O,7X6O,321,165,7,A11;A12;A24;A88;A275;A286;B150,
6NMR,6NMR,218,214,0,,
5X08,5X08,217,212,0,,
5UEA,5UEA,212,211,1,A28,
6AYZ,6AYZ,149,220,1,B29,
6AZ2,6AZ2,213,136,1,A27,
4R0L,4R0L,113,113,0,,
4NC0,4NC0,243,124,4,A13;A30;A101;A192,
7X25,7X25,221,212,0,,
3T2N,3T2N,339,335,2,A65;B65,
4FQJ,4FQJ,294,215,4,A27;A113;A135;A271,
3SE8,3SE8,227,208,0,,
6WZT,6WZT,494,214,12,A14;A30;A37;A55;A114;A118;A125;A136;A157;A238;A277;A475,
3CIQ,3CIQ,98,98,0,,
4FG6,4FG6,444,441,4,A271;A311;B270;B310,
3ZTJ,3ZTJ,318,172,6,A14;A30;A73;A157;A277;B154,
7TBF,7TBF,196,213,1,A12,
6XPR,6XPR,269,226,8,A6;A24;A83;A94;A105;A126;A207;A246,
6XPZ,6XPZ,268,233,7,A23;A82;A86;A93;A125;A206;A245,
8BE1,8BE1,216,213,0,,
4JPV,4JPV,216,204,1,L68,
4JPW,4JPW,223,208,0,,
7L7E,7L7E,219,214,0,,
1FPT,1FPT,220,219,0,,
7CDI,7CDI,210,214,0,,
3WFC,3WFC,225,213,0,,
3WFD,3WFD,225,213,0,,
1NCA,1NCA,221,214,0,,
1NCD,1NCD,221,214,0,,
1AE6,1AE6,218,219,0,,
6P4B,6P4B,205,210,0,,
6URM,6URM,224,210,1,H62,
4DAG,4DAG,383,213,2,A40;A304,
6LXI,6LXI,387,211,3,A6;A64;A153,
6OYH,6OYH,326,330,2,A161;B162,
7R6W,7R6W,221,213,0,,
3D0V,3D0V,214,221,0,,
6NC2,6NC2,436,129,25,A52;A94;A105;A109;A137;A146;A183;A190;A211;A225;A238;A244;A250;A280;A287;A303;A309;A333;A339;A377;A390;B76;B81;B90;B102,
3A67,3A67,114,107,0,,
3A6B,3A6B,114,107,0,,
3A6C,3A6C,114,107,0,,
4XMP,4XMP,232,211,0,,
4XNY,4XNY,234,211,1,L71,
5TE4,5TE4,224,210,1,L72,
7X8Q,7X8Q,119,206,0,,
1IC4,1IC4,114,107,0,,
1IC5,1IC5,114,107,0,,
1IC7,1IC7,114,107,0,,
2Q8A,2Q8A,316,214,5,A56;A180;A262;A299;A300,
1K4D,1K4D,219,212,1,B41,
5UJT,5UJT,183,188,3,A80;A120;B17,
4RWY,4RWY,337,213,13,A45;A118;A125;A146;A160;A173;A179;A193;A217;A247;A258;A293;A308,
2HH0,2HH0,217,210,0,,
7N28,7N28,472,136,28,A58;A103;A110;A120;A127;A131;A167;A204;A211;A232;A246;A259;A265;A271;A303;A308;A324;A354;A360;A365;A373;A411;A425;A428;B86;B91;B100;B112,
1VFB,1VFB,107,116,0,,
6DB7,6DB7,234,211,0,,
6Z2M,6Z2M,197,216,1,A12,
6RLO,6RLO,211,219,0,,
6VY5,6VY5,218,208,0,,
5V7J,5V7J,231,148,4,B95;B102;B109;B121,
3BN9,3BN9,241,241,2,A158;B158,
2J1K,2J1K,117,113,1,A88,
2W9L,2W9L,117,117,2,A88;B87,
5GMQ,5GMQ,205,225,2,A30;A107,
1H0D,1H0D,216,223,0,,
3HI6,3HI6,180,180,2,A36;B36,
7U0D,7U0D,196,196,4,B1;B13;B1;B13,invalid_sasa
5E7F,5E7F,126,125,0,,
5F3H,5F3H,207,212,0,,
4YDK,4YDK,230,214,0,,
4XNQ,4XNQ,208,217,1,A18,
4XRC,4XRC,208,215,1,A18,
7CJF,7CJF,220,213,0,,
7KFX,7KFX,195,214,1,A10,
7KFY,7KFY,195,214,1,A10,
4LSR,4LSR,217,208,0,,
7JKT,7JKT,225,212,0,,
6WHK,6WHK,211,211,4,A6;A39;A77;A111,
6DZM,6DZM,224,224,6,A8;A175;A204;B8;B175;B204,
5K59,5K59,292,293,19,A23;A65;A85;A88;A118;A122;A128;A175;A179;A199;B23;B65;B85;B88;B123;B129;B176;B180;B200,
4Z7W,4Z7W,181,180,3,A79;A119;B17,
1EGJ,1EGJ,101,215,2,A9;L26,
1JRH,1JRH,180,167,0,,
6DB6,6DB6,226,213,1,H28,
8DW2,8DW2,155,192,1,B9,
4TSC,4TSC,129,214,0,,
2B1A,2B1A,226,215,0,,
7X6L,7X6L,319,165,6,A14;A30;A73;A157;A277;B147,
3SE9,3SE9,225,208,0,,
6X04,6X04,367,116,4,A100;A150;A243;A294,
6P62,6P62,551,108,24,A44;A89;A93;A104;A108;A143;A180;A208;A222;A241;A247;A277;A284;A300;A308;A331;A337;A344;A381;A395;A505;A512;A519;A531,
2QQL,2QQL,554,214,2,A127;A132,
7X2A,7X2A,1159,947,32,A49;A87;A108;A138;A149;A205;A219;A227;A393;A470;A575;A602;A681;A724;A735;A820;A1148;B49;B87;B108;B138;B149;B205;B219;B227;B363;B390;B469;B512;B523;B608;B936,
8D36,8D36,218,212,0,,
4G6F,4G6F,232,235,0,,
4NPE,4NPE,58,0,1,A21,short_sequence
7EKK,7EKK,218,212,0,,
1DBB,1DBB,219,216,0,,
7SYY,7SYY,413,218,5,A121;A193;A232;A296;A344,
1RI8,1RI8,124,129,0,,
1RJC,1RJC,123,129,1,A72,
1R3I,1R3I,219,212,1,L41,
1R3J,1R3J,212,219,1,A41,
1R3K,1R3K,212,219,1,A41,
1R3L,1R3L,212,219,1,A41,
1ZV5,1ZV5,119,129,0,,
6PZW,6PZW,388,388,6,A5;A65;A120;B5;B65;B120,
6U3O,6U3O,242,242,2,H183;B183,
6N5E,6N5E,282,282,8,A2;A45;A129;A249;B2;B45;B129;B249,
5XKU,5XKU,208,211,1,A185,
6VVU,6VVU,243,244,4,A102;A203;B102;B203,
4HC1,4HC1,198,213,1,A53,
7E8M,7E8M,210,214,0,,
1JTT,1JTT,133,129,0,,
4HEM,4HEM,130,130,4,A24;A73;B24;B73,
6BB4,6BB4,216,211,0,,
6NMS,6NMS,217,214,0,,
7E88,7E88,213,212,0,,
5Y2L,5Y2L,317,163,6,A14;A30;A73;A157;A277;B145,
5EII,5EII,220,212,1,A27,
4LSV,4LSV,221,203,1,L68,
4MHH,4MHH,324,217,7,A13;A14;A26;A157;A168;A289;L67,
7X8T,7X8T,119,209,0,,
4FQV,4FQV,316,170,6,A12;A28;A123;A231;B82;B154,
4OGY,4OGY,239,239,0,,
5V8L,5V8L,450,126,24,A57;A102;A106;A117;A121;A155;A192;A220;A234;A253;A259;A289;A296;A312;A320;A343;A349;A355;A392;A406;B73;B80;B87;B99,
5Y2M,5Y2M,319,319,6,A14;A158;A290;B14;B158;B290,
4NPD,4NPD,58,0,1,A21,short_sequence
6UR5,6UR5,233,209,0,,
6A78,6A78,90,108,1,A10,
6A79,6A79,90,108,1,A10,
4AG4,4AG4,341,211,2,A182;A231,
4R4F,4R4F,340,209,14,A44;A117;A124;A145;A159;A172;A178;A192;A216;A246;A254;A261;A296;A311,
4RFO,4RFO,214,212,0,,
4PY8,4PY8,328,171,6,A14;A15;A27;A91;A291;B152,
2Q8B,2Q8B,292,213,4,A58;A173;A275;A276,
6A4K,6A4K,223,216,2,A41;L49,
8DW3,8DW3,155,192,1,B9,
7CR5,7CR5,125,213,1,A30,
4I9W,4I9W,253,253,0,,
4WFE,4WFE,253,255,0,,
4WFF,4WFF,253,253,0,,
4WFG,4WFG,253,255,0,,
4WFH,4WFH,253,243,0,,
